{
    "training_date": "2025-12-19 02:43:35",
    "model_type": "XGBoost Classifier",
    "label_encoding": "0=Legitimate, 1=Phishing",
    "dataset": {
        "total_samples": 450176,
        "training_samples": 360140,
        "test_samples": 90036,
        "num_features": 34,
        "label_distribution": {
            "Legitimate": 345738,
            "Phishing": 104438
        },
        "class_imbalance_ratio": 3.3104617093395126
    },
    "hyperparameters": {
        "max_depth": 7,
        "reg_lambda": 1.0678262312984952,
        "reg_alpha": 3.3966084465392954,
        "min_child_weight": 4,
        "subsample": 0.8879847274222424,
        "colsample_bytree": 0.6608668346040321,
        "learning_rate": 0.0981636409011253,
        "n_estimators": 299
    },
    "performance": {
        "test_accuracy": 0.9954906926118442,
        "train_accuracy": 0.9971122341311712,
        "cv_accuracy_mean": 0.9960154384406066,
        "cv_accuracy_std": 0.00032889515454738184,
        "false_positive_rate": 0.0007664719153120843,
        "false_negative_rate": 0.01689965530448104,
        "precision": 0.9974256848649699,
        "recall": 0.983100344695519,
        "overfitting_gap": 0.00162154151932703
    },
    "confusion_matrix": {
        "true_negatives": 69095,
        "false_positives": 53,
        "false_negatives": 353,
        "true_positives": 20535
    }
}