{
    "training_date": "2025-12-18 16:41:42",
    "model_type": "XGBoost Classifier",
    "label_encoding": "0=Legitimate, 1=Phishing",
    "dataset": {
        "total_samples": 450176,
        "training_samples": 360140,
        "test_samples": 90036,
        "num_features": 34,
        "label_distribution": {
            "Legitimate": 345738,
            "Phishing": 104438
        },
        "class_imbalance_ratio": 3.3104617093395126
    },
    "hyperparameters": {
        "max_depth": 8,
        "reg_lambda": 1.9551074134679356,
        "reg_alpha": 1.6791459399257915,
        "min_child_weight": 8,
        "subsample": 0.8962850195614953,
        "colsample_bytree": 0.680634252332814,
        "learning_rate": 0.09645027802352477,
        "n_estimators": 185
    },
    "performance": {
        "test_accuracy": 0.9953463059220756,
        "train_accuracy": 0.9967207197201089,
        "cv_accuracy_mean": 0.9957988560004443,
        "cv_accuracy_std": 0.00032317233445006225,
        "false_positive_rate": 0.0006797015098050558,
        "false_negative_rate": 0.017809268479509765,
        "precision": 0.9977143412926129,
        "recall": 0.9821907315204902,
        "overfitting_gap": 0.0013744137980332694
    },
    "confusion_matrix": {
        "true_negatives": 69101,
        "false_positives": 47,
        "false_negatives": 372,
        "true_positives": 20516
    }
}