{
    "training_date": "2025-12-19 05:15:45",
    "model_type": "XGBoost Classifier",
    "label_encoding": "0=Legitimate, 1=Phishing",
    "dataset": {
        "total_samples": 450176,
        "training_samples": 360140,
        "test_samples": 90036,
        "num_features": 34,
        "label_distribution": {
            "Legitimate": 345738,
            "Phishing": 104438
        },
        "class_imbalance_ratio": 3.3104617093395126
    },
    "hyperparameters": {
        "max_depth": 8,
        "reg_lambda": 1.1458246214273435,
        "reg_alpha": 1.8834344698513623,
        "min_child_weight": 4,
        "subsample": 0.7180843865620293,
        "colsample_bytree": 0.6983312151623043,
        "learning_rate": 0.05678391818281321,
        "n_estimators": 257
    },
    "performance": {
        "test_accuracy": 0.9953240925851882,
        "train_accuracy": 0.9966790692508469,
        "cv_accuracy_mean": 0.9957183317598712,
        "cv_accuracy_std": 0.0002784461850773872,
        "false_positive_rate": 0.0006218545728003702,
        "false_negative_rate": 0.018096514745308313,
        "precision": 0.9979078480027247,
        "recall": 0.9819034852546917,
        "overfitting_gap": 0.001354976665658758
    },
    "confusion_matrix": {
        "true_negatives": 69105,
        "false_positives": 43,
        "false_negatives": 378,
        "true_positives": 20510
    }
}